{
  "auc_mean": 0.9995784084944466,
  "auc_std": 0.0005773603603708999,
  "aupr_mean": 0.9995900433058915,
  "aupr_std": 0.0005621734099169193,
  "n_metabolites": 379,
  "n_diseases": 8,
  "n_associations": 407,
  "fold_aucs": [
    0.9989589530041642,
    1.0,
    0.9989330894680689,
    1.0,
    1.0
  ],
  "fold_auprs": [
    0.9989322591781673,
    1.0,
    0.9990179573512907,
    1.0,
    1.0
  ]
}